﻿{
  "DOWNLOADING":
  {
    "en"   :"DOWNLOADING",
    "fr"   :"TÉLÉCHARGEMENT EN COURS",
    "de"   :"LADE",
    "it"   :"SCARICAMENTO",
    "ja"   :"ダウンロード中",
    "ko"   :"다운로드 중",
    "ru"   :"ЗАГРУЗКА",
    "es"   :"DESCARGANDO",
    "zh_cn":"正在下载中",
    "zh_tw":"正在下載中",
    "tr"   :"İNDİRİLİYOR",
    "pt_br":"BAIXANDO",
    "T22"  :
    {
      "size":22,
      "align": "center",
      "color":"D0CABD"
    }
  }
}